0	aman is a student .
1	If someone washes their car , then they will have a clean car .
2	If the dog will remain healthy, then the dog will be happy.
3	If someone goes to the gym, then they will stay healthy.
4	If someone is diligent, then they will be rewarded.
5	all cats have whiskers.
6	We know that atleast one of the following is true (1) Olivia takes the bus.
7	If they eat organic food, then they will have more energy.
8	We know that atleast one of the following is true (1) John drives recklessly and (2) he won't stay safe.
9	If someone eats all their vegetables, then they will be healthy.
10	If they went to the park, then they will have a picnic.
11	If they will understand the concepts , then they will get good grades .
12	If they watch videos online , then they will develop new skills .
13	If they go for a walk, then they will relax.
14	We know that atleast one of the following is true (1) Jill goes to the gym and (2) she won't gain weight.
15	this labrador retriever has four legs.
16	We know that atleast one of the following is true (1) Jill drives recklessly and (2) she won't be safe.
17	If someone eats a healthy breakfast, then they will have more energy.
18	Note that we do not know which ones of (1) and (2) are true.
19	We know that atleast one of the following is true (1) John and Mary are attending the lecture.
20	If someone passes all the tests, then they will get a promotion.
21	all cats have fur.
22	If someone follows a healthy diet, then they will be able to stay fit.
23	If they will get a degree, then they will get a job.
24	If they watch tv, then they will relax.
25	If someone drives a car, then they will reach their destination quickly.
26	all politicians are hardworking.
27	If someone drives carefully, then they will avoid an accident.
28	If they watch television, then they will have a decrease in concentration.
29	If they will be protected from the virus, then they will be safe.
30	We know that atleast one of the following is true (1) Samantha goes to the library and (2) she goes to the park.
31	If they will receive a bonus , then they will be able to buy a house.
32	If someone takes all the necessary precautions , then they will be safe from any harm .
33	If they drive on a side road, then they will take longer to reach their destination.
34	If they will be safe , then they will be allowed to continue their activity .
35	If someone takes the initiative to learn a new skill , then they will be able to use the skill for professional development .
36	this kitten has fur.
37	all mammals nourish their young with milk.
38	We know that atleast one of the following is true (1) Alice goes to the library and (2) Alice goes to the restaurant.
39	If someone wears a seatbelt, then they will be safe.
40	this animal is a cat.
41	all roses have thorns .
42	If they can start the project, then they will finish it on time.
43	We know that atleast one of the following is true (1) Jenny goes to the library and (2) Jenny goes to the park.
44	all students have to write an essay before the end of the term.
45	If someone goes to the gym every day , then they will be physically fit .
46	If someone cleans the room, then they will be praised by their parents.
47	If someone follows all the rules, then they will get a reward.
48	this lion is a cat.
49	henry is a cat.
50	If they will remain compliant, then they will not be penalized.
51	and (2) She eats healthy snacks..
52	If someone takes a course, then they get good grades.
53	If someone drinks a lot of water, then they will stay hydrated.
54	If they are running in the playground, then they will see the children playing.
55	If they follow the speed limit, then they will stay safe.
56	she is a doctor .
57	this lion is a mammal .
58	If someone pays attention to their nutrition, then they will have better health.
59	If they go to the park, then they will take a walk.
60	We know that atleast one of the following is true (1) she won't get fresh air.
61	If someone goes for a walk, then they will feel refreshed.
62	If they will have an improved understanding of the subject, then they will be likely to get better grades.
63	If they do not have a license, then they will not be able to drive it.
64	all cats are carnivores .
65	We know that atleast one of the following is true (1) Nina takes public transportation and (2) he won't spend money.
66	john is a child .
67	If they will not improve their skills, then they will not be successful.
68	We know that atleast one of the following is true (1) Jill went to the library and (2) she went to the cinema.
69	We know that atleast one of the following is true (1) John drives a car and (2) he won't be able to save money.
70	garfield is a cat .
71	john's pet is a cat.
72	If they stay up late, then they will feel tired.
73	If they will get an a in the course, then they will get a scholarship.
74	If someone cleans their room, then they will feel relaxed.
75	all dogs bark.
76	If someone drives recklessly, then they will get a ticket.
77	all mammals have fur .
78	If they will get good grades, then they will be able to get a job .
79	all students are required to wear uniforms.
80	If someone goes for a walk, then they will feel energized.
81	If someone follows a healthy diet, then they will have good health.
82	If someone drives carelessly, then they will get a ticket.
83	If they eat unhealthy food, then they will get sick.
84	this beagle has four legs .
85	If someone goes to the gym regularly, then they will be in good shape.
86	If they will learn new information, then they will gain new skills .
87	all cats love to play .
88	If someone plays video games, then they will become an expert.
89	We know that atleast one of the following is true (1) John studies hard and (2) he won't perform poorly.
90	We know that atleast one of the following is true (1) Riley is walking in the park and (2) she goes to the beach.
91	If someone drives to the beach, then they will go for a swim.
92	all trees have leaves.
93	We know that atleast one of the following is true (1) Sophia planted a tree and (2) John planted a bush.
94	If they can pass the test , then they will get a high score .
95	all cats meow.
96	all dogs are mammals .
97	If they take on more tasks, then they will feel overwhelmed.
98	If they attend classes regularly , then they will ace the exam .
99	If they will be likely to get good grades, then they will be rewarded with a scholarship.
100	If someone cleans up their room , then they can invite their friends over .
101	everyone should have a healthy lifestyle .
102	If someone turns off the lights, then the room will be dark.
103	If someone eats healthy food, then they will have a healthy lifestyle.
104	If someone is eating an apple, then they will drink some water.
105	and (2) He is taking a break..
106	If they won't get into an accident, then they will stay safe.
107	If they watch television, then they will be entertained.
108	If students read a book, then they will write an essay.
109	If they will stay safe , then they will not get affected by the virus .
110	and (2) She is studying for her exams..
111	We know that atleast one of the following is true (1) he won't complete his tasks and (2) he won't lose track of time.
112	If someone goes to the library, then they will read a book.
113	We know that atleast one of the following is true (1) Amy went to the library and (2) Tom goes to the restaurant.
114	and (2) she won't get poor grades..
115	If they will be rewarded , then they will be promoted .
116	If they take a nap, then they will feel relaxed.
117	We know that atleast one of the following is true (1) she won't arrive on time and (2) she won't reach her destination faster.
118	If someone drives recklessly, then they could get into an accident.
119	tom is a student.
120	If someone takes the bus every day, then they will be on time.
121	If they stay up late, then they feel exhausted.
122	If someone doesn't get enough sleep, then they will not be able to focus.
123	mrs smith is a teacher .
124	If someone uses their willpower, then they can stay disciplined.
125	If they watch too much tv, then they will not get good grades.
126	and (2) he won't gain weight..
127	If they will be physically fit, then they will have more energy.
128	If they will have to pay taxes, then they will feel more independent.
129	tom is a cat .
130	If they have to finish it within the deadline, then they will be rewarded.
131	If they will have a good credit score , then they will be able to get a loan .
132	If they is watching a movie, then they will finish it soon.
133	We know that atleast one of the following is true (1) she won't feel energized and (2) she won't stay alert.
134	We know that atleast one of the following is true (1) John reads books and (2) he won't become drowsy.
135	all students must attend the class.
136	If they go to the store , then they will buy something .
137	If they will stay safe, then they will not suffer from any illness.
138	We know that atleast one of the following is true (1) Jasmine takes a bus to the office and (2) Jasmine takes a train to the beach.
139	We know that atleast one of the following is true (1) she won't be in a good mood and (2) she won't become energetic.
140	all cats like to eat fish .
141	We know that atleast one of the following is true (1) she won't reach her destination on time and (2) she won't have enough energy for the day.
142	If they watch a movie, then they will have fun.
143	all dogs have four legs .
144	If someone saves all their money, then they can go on a holiday.
145	If someone goes to the gym regularly, then they will stay healthy.
146	If   they take the bus , then   they will save money.
147	We know that atleast one of the following is true (1) he won't gain knowledge and (2) he won't be entertained.
148	If they need to pay the registration fees, then they will be able to drive the car.
149	We know that atleast one of the following is true (1) he won't gain knowledge and (2) he won't have fun.
150	this dog is a mammal.
151	If someone volunteers to help out, then they will feel appreciated.
152	If someone works hard , then they will get a promotion .
153	We know that atleast one of the following is true (1) Hannah drives a car and (2) she doesn't arrive later.
154	If they climb the stairs, then they will be out of breath.
155	all human beings are mortal.
156	all cats are carnivores.
157	It might be the case that only (1) is true, or only (2) is true or both are true.
158	If they eat unhealthy food, then they will have an unhealthy body.
159	all teachers need to have a master's degree.
160	We know that atleast one of the following is true (1) Raj walks to the river and (2) he takes a bike ride.
161	If they get a promotion, then they will receive a salary rise .
162	all dogs love to play .
163	If they indulge in junk food, then they will become unhealthy .
164	If someone wears a face mask , then they can enter the store .
165	all cats like to play with yarn.
166	If they use a generator , then they will pay a high electricity bill .
167	If someone read a book every day, then they will gain knowledge.
168	If they take the elevator , then they will be late.
169	all dogs have four legs.
170	If someone neglects their health, then they will suffer from diseases.
171	all students must complete their assignments on time.
172	john's cat is a pet .
173	and (2) he won't be able to get in..
174	We know that atleast one of the following is true (1) Steve drives a car and (2) he won't save money.
175	If they will learn new skills, then they will gain knowledge.
176	all fruits are sweet .
177	If someone goes for a walk , then they will get some fresh air .
178	We know that atleast one of the following is true (1) Mary uses public transport  and (2) he won't spend more.
179	If they will be safe, then they will avoid any accidents.
180	If someone is running in the park , then their friends will join in.
181	spot is a dog .
182	all students in the school have to wear a uniform .
183	We know that atleast one of the following is true (1) he won't maintain his weight.
184	john is a parent.
185	If someone is working hard, then they will get a promotion.
186	the stallion is a horse.
187	this ford mustang needs regular maintenance.
188	If they will stay healthy, then they can live a long life.
189	We know that atleast one of the following is true (1) Tim is reading a book.
190	all students take exams to measure their knowledge.
191	If they will get a promotion, then they will be successful.
192	all employees have to work five days a week.
193	If they go to the park, then they will go for a walk.
194	If they need to attend classes , then they will be able to pass the course.
195	If they can achieve their goals, then they will be successful.
196	If they will gain a lot of knowledge, then they will be well informed.
197	If they sell their car , then they will have more money to invest.
198	max is a cat .
199	all plants need sunlight to survive.
200	If someone runs a marathon, then they will be tired.
201	If they are unable to pay the loan, then they will be in debt.
202	all dogs are loyal animals.
203	If someone turns off their phone, then they will be more productive.
204	If someone follows the instructions, then they will get desired results.
205	If they go for a run, then they will be energised.
206	If someone practices yoga, then they will be in good health.
207	If they ate a burger for breakfast , then they will have a smoothie for dessert.
208	this book has been written by a renowned author .
209	If they will be rewarded, then they will get a raise.
210	We know that atleast one of the following is true (1) she won't find the book she needs and (2) she won't get back to her research.
211	If they drive a car, then they will reach their destination quickly.
212	If someone takes a vacation, then they will be relaxed .
213	If they will be protected from germs, then they will stay healthy.
214	If someone goes to the movies, then they will go for ice-cream.
215	all mammals are warm-blooded .
216	If they will have to face the consequences , then their reputation will be damaged .
217	We know that atleast one of the following is true (1) he won't become fit and (2) he won't gain weight.
218	We know that atleast one of the following is true (1) Jane goes to the supermarket and (2) Jane goes to the movie theater.
219	mary is an adult.
220	If someone is walking in the park, then they will find a bench to sit.
221	If they go to the theatre , then they will watch a play .
222	We know that atleast one of the following is true (1) she won't get good grades and (2) she won't feel relaxed.
223	all teachers are knowledgeable.
224	If someone listens to music, then they will feel relaxed.
225	If someone is tired, then they will take a nap.
226	this cobra is a snake.
227	all students need to take an exam to complete their degree.
228	If they will get good grades, then they will be more likely to pass the course.
229	If they will stay fit, then they will have a healthy lifestyle.
230	this laptop has an operating system .
231	If someone works out regularly, then they will become healthier.
232	If someone goes to the library, then they will borrow books.
233	We know that atleast one of the following is true (1) she won't have a great time and (2) she won't explore the city.
234	If they finish their work early , then they will get rewarded .
235	If they will be given extra credit, then they will be given a promotion.
236	We know that atleast one of the following is true (1) he won't have a healthy life and (2) he will have a healthy life.
237	If someone buys a new book, then their friends will read it.
238	If someone follows a healthy diet, then they will be healthy.
239	this feline has whiskers.
240	If someone eats healthy food , then they will have more energy .
241	If they take a bus, then they will save money.
242	If they receive compliments, then they feel proud.
243	If they take a wrong turn, then they will get lost.
244	If someone does not take a shower, then they will smell bad.
245	all doctors have a medical degree.
246	all teachers are expected to be role models to their students.
247	If someone is playing video games inside, then his/her brother will join in the game.
248	If someone is studying in the library, then they will read a book.
249	If someone studies hard for their exams, then they will perform well.
250	If they watch movies instead, then they won't learn anything.
251	every student must pass the final exam.
252	If someone calls the fire brigade, then they will put out the fire.
253	If someone loves to read , then they will have a good understanding of the subject .
254	If someone went to the library, then they read a book.
255	We know that atleast one of the following is true (1) she won't be fit and healthy and (2) she won't be prone to diseases.
256	she is a software developer .
257	all mammals have fur.
258	this book was written by an author of this century .
259	and (2) Jack is writing a story..
260	she is a student of that college .
261	If they meditate, then they will stay focused.
262	rex is a dog .
263	If someone eats all the food in the fridge, then they will be full.
264	all computers require regular maintenance .
265	and (2) she will get good grades..
266	If someone went to the library, then they will read a book.
267	If they went for a walk, then they will breathe fresh air.
268	If they will get the job, then they will be successful.
269	If someone works diligently , then they will be praised.
270	If someone does not wear a helmet, then they are more likely to get injured.
271	If they will be at risk of getting infected, then they will not be allowed to enter the premises.
272	sheba is a cat .
273	If someone takes a course, then they will learn a lot.
274	If someone studies hard, then they will get good grades.
275	We know that atleast one of the following is true (1) John reads a book and (2) he will none distracted.
276	all living things consume oxygen.
277	sarah's cat can climb trees.
278	this siamese cat has fur .
279	If they eat junk food, then they will not stay fit.
280	this pet is a cat.
281	If someone takes a nap, then they will feel energized.
282	all animals with fur have thick skin.
283	If they went to the cinema, then they will watch a movie.
284	If someone is unwell, then they are unable to attend school.
285	If sentence, then if someone practices for their exams, they will perform well .
286	If someone takes a loan , then they will have to pay interest .
287	If they go to the library, then they will borrow books.
288	all cats have fur .
289	If someone is studying for the exam , then they will get good grades .
290	If someone studies diligently, then they will perform well in their exams.
291	If they watch movies , then they will become wiser .
292	We know that atleast one of the following is true (1) she won't get stronger and (2) she will get the desired result.
293	If they will learn new material , then they will be able to apply it .
294	If someone cycles to work daily, then their health will improve.
295	this kitten has whiskers .
296	all cats have sharp claws .
297	We know that atleast one of the following is true (1) Alice is reading a book.
298	If someone buys a new car , then they will need to insure it .
299	If someone turns off all the lights, then the room will be dark.
300	all students have to attend classes .
301	all students should have a plan for the future.
302	and (2) She is watching a movie..
303	If someone pays all their taxes, then they will be in good standing with the government.
304	If they will be proud of their country, then they will sing the national anthem.
305	If they will get tired, then they will need rest.
306	If they will receive the product in a few days, then they will have to pay for it.
307	If someone takes up a hobby, then they will learn something new.
308	If they go to the grocery store, then they will buy some snacks.
309	If they drive recklessly, then they will have an accident.
310	If someone does not pay their bills, then they will face a financial penalty.
311	If someone buys a new car, then they will have to pay the registration fees.
312	jane is a teacher .
313	If someone has a good job, then they have a lot of money.
314	If someone visits the library, then they will borrow books.
315	sheela sometimes attends classes.
316	If they can buy the car, then they will be able to travel.
317	If they pass the exams, then they will get a good grade.
318	If someone takes all the necessary steps , then they will be successful .
319	We know that atleast one of the following is true (1) Sarah is going to the beach.
320	We know that atleast one of the following is true (1) Samantha spends time outdoors and (2) she won't stay cool..
321	We know that atleast one of the following is true (1) he won't stay awake and (2) he won't be relaxed.
322	If someone visits the museum, then they will learn about the culture.
323	all animals with fins can swim .
324	all people who regularly jog are fit.
325	
326	If someone goes to the library, then they will borrow a book.
327	If someone saves all their money, then they can start their own business.
328	sarah is a student.
329	We know that atleast one of the following is true (1) David goes to the library and (2) he goes to the park.
330	We know that atleast one of the following is true (1) Mary goes for a walk  and (2) John goes to the library .
331	If they stay up late, then they will be tired.
332	all doctors are dedicated to their profession.
333	If someone works hard, then they will be successful.
334	If they get a flat tire, then they will call for roadside assistance.
335	If they do not exercise at all, then they will not get any benefit.
336	If someone gets a job, then they have to pay taxes.
337	If they will be intoxicated, then they will not be able to drive.
338	If someone went to the library , then they will read a book .
339	We know that atleast one of the following is true (1) he won't be in shape and (2) he will have a healthy lifestyle.
340	If they enjoy the scenery, then they will feel happy.
341	If someone goes for a walk , then they will enjoy the scenery .
342	If someone watches a movie, then they will have a better experience.
343	If someone eats healthy, then they will have more energy.
344	If someone puts in extra effort, then they will be successful.
345	all students have to attend classes.
346	If someone gets a high score on the test, then they will get an a in the class.
347	If someone takes a deep breath, then they will calm down.
348	If someone reads a lot, then they become more knowledgeable.
349	If they need to register the car , then they will get a car plate number .
350	If they will have more energy, then they will be more productive.
351	and (2) She went to the cafe..
352	If they eat unhealthy food , then they will gain weight .
353	If someone goes to the library , then they will borrow some books.
354	all fruits are edible.
355	If someone takes a lot of effort, then they will be successful.
356	If they get easily distracted, then they will not perform well.
357	If someone is running in the park, then they will practice yoga later.
358	If someone is watching a movie, then their friends will join.
359	We know that atleast one of the following is true (1) Tom studies hard.
360	all cats meow .
361	If someone takes a walk every day, then they will stay healthy.
362	If someone takes a break , then they will finish their work .
363	this fish lives in water .
364	We know that atleast one of the following is true (1) she won't get a promotion and (2) she won't refresh her mind.
365	If they add spices, then it will be even more flavorful.
366	If someone exercises regularly, then they will have more energy.
367	If someone always helps out their friends , then they will be rewarded with kindness .
368	If they can cook a delicious meal, then they will be able to impress their friends.
369	If someone buys a new car, then their financial situation will improve.
370	If they watch tv, then they will get entertained.
371	If someone takes all the necessary precautions, then they will be safe.
372	We know that atleast one of the following is true (1) Jill reads a book and (2) he won't be more distracted.
373	If someone drives safely, then they will not be charged with a ticket.
374	If someone drives recklessly , then they will get a ticket .
375	We know that atleast one of the following is true (1) she won't be energized and (2) she won't feel refreshed.
376	We know that atleast one of the following is true (1) John went to the beach and (2) she goes to the park.
377	all students who pursue higher studies must work hard .
378	We know that atleast one of the following is true (1) she won't get promoted and (2) she won't feel energized.
379	john is attending college .
380	We know that atleast one of the following is true (1) she won't stay fit and (2) she won't have a toned body.
381	this dog needs oxygen to survive .
382	If they are cooking a meal, then they will appreciate it.
383	If they will achieve great success , then they will be admired .
384	all teachers need to be experienced in their field.
385	We know that atleast one of the following is true (1) Jill goes to the beach  and (2) she goes to the park .
386	fido is a dog .
387	If they are taking a break, then they will spend time with her friends.
388	If they will understand the topics, then they will be able to answer the questions.
389	If someone buys a new car , then they will save time commuting .
390	and (2) Steven is cooking pasta..
391	If someone completes all their tasks , then they will be rewarded .
392	We know that atleast one of the following is true (1) Jack takes public transport and (2) he won't have to pay a lot.
393	If they stay inside for long hours, then they will not get a tan.
394	If they go to the library, then they will read a book.
395	If someone reads a lot, then they will improve their knowledge.
396	We know that atleast one of the following is true (1) she won't stay fit and (2) she won't gain weight.
397	If someone practices diligently, then they will have a better understanding.
398	If they wear no sunscreen, then they will be exposed to the sun.
399	If someone plants a tree, then they will reduce air pollution.
400	If someone finishes all their tasks, then they will get a promotion.
401	fido is a dog.
402	this oak tree produces oxygen.
403	If they take a break, then they will forget the information.
404	If someone goes to bed early , then they will feel well-rested .
405	If they will not be able to concentrate , then they will not perform well in their exams .
406	We know that atleast one of the following is true (1) she won't understand each other better and (2) she won't drift apart.
407	If someone takes up a new job, then they will need to learn the ropes.
408	We know that atleast one of the following is true (1) Alice reads a book.
409	If someone takes a short break, then they become refreshed.
410	If they watched a movie, then they will discuss the plot.
411	If someone eats all the junk food, then they will gain weight.
412	We know that atleast one of the following is true (1) she won't make more money and (2) she won't relax.
413	all students must pass their exams.
414	she is a scientist.
415	this tiger is a cat.
416	If they watch a movie, then they will gain knowledge.
417	she is a student .
418	all dogs have fur .
419	If someone is swimming in the pool , then they will be getting more confident .
420	If someone go to the library, then they will read a book.
421	We know that atleast one of the following is true (1) Avery is eating ice cream.
422	If someone goes to the park, then they will play badminton.
423	If someone walks for an hour , then they will lose weight .
424	If they take public transport, then they will save money.
425	If they must face the consequences, then they will learn from their mistake.
426	If they watch tv, then they will be entertained.
427	We know that atleast one of the following is true (1) he won't pay the interest and (2) he won't face legal actions.
428	If they will perform well , then they will pass the course .
429	If someone went to the grocery store, then they will buy some food items.
430	If they are visiting the library, then they will go to the museum.
431	my pet is a cat.
432	all doctors have taken up medical studies .
433	all houses need proper maintenance.
434	We know that atleast one of the following is true (1) Jenny is shopping for groceries and (2) Jenny is buying clothes.
435	If someone works hard, then they will get a promotion.
436	We know that atleast one of the following is true (1) Sara goes to the library.
437	all students have to take their exams on time .
438	If someone went to the gym, then they will watch a movie.
439	If they get to drive it around town , then they will feel proud of their purchase .
440	If someone is making dinner, then their family will have dinner together.
441	If anyone who does their homework, then they will get good grades.
442	If they will develop a skill, then they will make progress .
443	If they will have better immunity, then they will be less likely to catch a disease.
444	We know that atleast one of the following is true (1) he won't get energized and (2) he won't become fit.
445	If someone goes for a run, then they will feel healthier.
446	If someone visits the doctor, then they will get medical advice.
447	If someone is working hard , then they will be successful .
448	max is a dog.
449	If they read a book, then they will learn new things.
450	If they will have bad breath , then they will not make a good impression .
451	We know that atleast one of the following is true (1) Sarah goes to the library and (2) She goes to the park.
452	We know that atleast one of the following is true (1) George drives a car  and (2) he won't get a ticket.
453	We know that atleast one of the following is true (1) John drives a car and (2) he won't save money.
454	my dog needs regular exercise.
455	We know that atleast one of the following is true (1) he won't receive a promotion.
456	We know that atleast one of the following is true (1) Jenny is walking in the park and (2) she goes to the library.
457	We know that atleast one of the following is true (1) he doesn't buy something and (2) he doesn't leave empty handed.
458	If someone follows a healthy diet , then they exercise regularly .
459	If they drive safely, then they will have a safe journey.
460	If they will be well informed, then they can make better decisions.
461	all computer scientists are tech savvy.
462	this elephant has fur .
463	We know that atleast one of the following is true (1) Jennifer goes for a walk and (2) he won't feel tired.
464	and (2) he won't be energized..
465	We know that atleast one of the following is true (1) John is going for a walk in the park and (2) Sara is going to the beach.
466	lucy is a cat.
467	If someone does not follow the rules, then they will be reprimanded.
468	We know that atleast one of the following is true (1) he won't make payments and (2) he won't have to bear the interest.
469	If they stay indoors , then they will not get a tan .
470	If they are going to the beach, then they will build a sandcastle.
471	the kitten has fur .
472	If someone takes the bus to work, then they will save money.
473	all trees grow leaves in the spring.
474	If they will stay safe , then they won't get sick .
475	mary is a teacher .
476	john is a student .
477	If they will have peace of mind, then they will have more free time.
478	If they take a bus, then they will reach the destination after a long time.
479	If they will gain knowledge, then they will be wise.
480	all students who go to college need financial aid .
481	this oak tree is a tree .
482	this elephant has a brain.
483	We know that atleast one of the following is true (1) Jim is studying for an exam and (2) he is attending classes.
484	this kitten is a cat.
485	If they drive responsibly, then they will stay safe.
486	If someone uses a car to commute, then they will save time.
487	she is a teacher.
488	If someone drives carefully, then they will reach the destination safely.
489	If someone turns the lights off, then the room will be dark.
490	If the room will be dark, then there will be no visibility.
491	If they watch television, then they will gain entertainment.
492	If they will get good grades, then they will have more opportunities.
493	If they will buy something, then they will be charged for the purchase.
494	We know that atleast one of the following is true (1) Karen reads a lot and (2) she won't become less productive.
495	felix is a cat.
496	all plants need water to survive .
497	this persian cat has fur .
498	If someone drives a car, then they will reach their destination faster.
499	she has this right.
500	If they will get the desired results, then they will be successful.
501	If someone goes to the store , then they will buy something .
502	and (2) she won't reach her destination on time..
503	If someone reads a book, then they will understand the concept.
504	If they will not get infected, then they will stay safe.
505	If someone works hard , then they will get good grades.
506	If someone follows a healthy diet , then they will stay fit .
507	and (2) she will be able to maintain a healthy lifestyle..
508	If someone goes for a walk , then they take a break .
509	If someone reads a book, then they will gain knowledge.
510	If someone else planted a flower in the garden, then the flower will bloom and be admired.
511	If someone studies hard, then they will perform well.
512	mary is a human .
513	We know that atleast one of the following is true (1) Sophie went to the library and (2) John went to watch a movie.
514	If they read a book, then they will gain knowledge.
515	If they will buy food , then they will have enough to eat.
516	If someone takes a break, then they will finish their work.
517	If they stay up late, then they will be exhausted.
518	If someone drives a car , then they will get to their destination quickly .
519	all teachers have a passion for teaching.
520	If they watch an informative video, then they will gain new insights.
521	mary is a student.
